{"eval_loss": 0.30169767141342163, "eval_accuracy": 0.8900629878044128, "eval_runtime": 15.3943, "eval_samples_per_second": 639.327, "eval_steps_per_second": 79.965}